{
  "Unixibo": 203386.65098666193,
  "Exahu": 511.0,
  "Ihugiba": 191922.0,
  "Omudocy": 287170.0746170129,
  "Uvudyn": 86398.84411451138,
  "Enarose": 203386.65098666193,
  "Ezovi": 511.0,
  "Otux": 191922.0
}